DistDisc,crashProb,runtime(ns)
1.5,0.35250391007293896,1.940779933E11
1.55,0.9778090379533341,1.858083385E11
1.75,0.40304402315820453,1.064853448E11
