DistDisc,crashProb,runtime(ns)
1.0,0.21640387713147746,7.17303123E10
1.5,0.23477157492986178,3.88233228E10
1.75,0.6512017824380228,2.54516119E10
