DistDisc,crashProb,runtime(ns)
1.45,0.29940949688529306,2.651217E10
1.55,0.9999982527362036,1.6906995133E10
1.6,1.0,8.761528633E9
1.65,1.0,9.2696294E9
