DistDisc,crashProb,runtime(ns)
0.04,0.14423641615996757,7.14693019366E11
