DistDisc,crashProb,runtime(ns)
1.0,0.26317316482599,6.118133179E11
1.5,0.35250391007293896,2.122310093E11
1.75,0.40304402315820453,1.328202602E11
