DistDisc,crashProb,runtime(ns)
1.0,0.42307955408863157,1.098973774E11
1.5,0.4947300815741852,7.18476813E10
1.75,0.5144284920003206,2.99942104E10
2.0,1.0,1.38611808E10
