DistDisc,crashProb,runtime(ns)
0.04,0.11618891132757002,1.92420511833E11
