DistDisc,crashProb,runtime(ns)
1.0,0.9901709221801659,6.84156047E10
1.5,1.0,2.34232888E10
1.75,1.0,1.83510725E10
