DistDisc,crashProb,runtime(ns)
0.25,0.1881633066087304,4.62687471E11
0.5,0.22278735168621427,2.1960663E11
1,0.3866840449074911,1.456738488E11
