DistDisc,crashProb,runtime(ns)
0.5,0.19513521500413447,1.33229832E10
1,0.3829166452711869,8.1680018E9
1.5,1.0,9.082576E8
2,1.0,1.0849157E9
