DistDisc,crashProb,runtime(ns)
0.5,0.4475677264290989,3.828945951E11
1,0.6328034413951132,2.660865721E11
1.5,1.0,1.3042728E10
2,1.0,1.96112658E10
